Project, DefectId,IssueReportLink,LinkedToBugTracker,FileCount,LineCount,RelevantTestCount,TriggeringTestCount,StatementCoverage,TimeToFix,Versions,Priority,Dependents,Reproducibility,BugOrFeature,IsRegression,Human patch changes data structures or types?,Human patch changes method signature?,Human patch changes arguments to a function?,Human patch added 1 or more function calls?,Human patch changes conditional?,Human patch adds new variables?,Human patch adds 1 or more if-statements?,Human patch adds 1 or more loops?,Human patch adds a whole new function?,PatchFound:GenProgJava,PatchFound:KaliJava,PatchFound:Nopol,PatchQuality:GenProgJava,PatchQuality:KaliJava,PatchQuality:Nopol
Chart,1,http://sourceforge.net/p/jfreechart/bugs/983/,1,1,1,436,1,57.8,2,NA,2,NA,NA,bug,0,0,0,0,0,1,0,0,0,0,1,1,0,incorrect,incorrect,
Chart,2,http://sourceforge.net/p/jfreechart/bugs/959/,1,1,14,555,2,74.5,1182,NA,5,NA,NA,bug,0,1,0,0,0,1,0,0,0,0,0,0,0,,,
Chart,3,NA,0,1,2,86,1,79.4,NA,NA,NA,NA,NA,bug,0,1,0,0,0,0,0,0,0,0,1,0,1,incorrect,,incorrect
Chart,4,NA,0,1,2,431,22,70.6,NA,NA,NA,NA,NA,bug,0,0,0,0,0,1,0,0,0,0,0,0,0,,,
Chart,5,http://sourceforge.net/p/jfreechart/bugs/862/,1,1,5,292,1,76.6,208,NA,5,NA,NA,bug,0,0,0,0,0,1,0,0,0,0,1,1,1,incorrect,incorrect,correct
Chart,6,NA,0,1,11,486,2,93.1,NA,NA,NA,NA,NA,bug,0,1,0,0,0,0,0,0,1,0,0,0,0,,,
Chart,7,NA,0,1,2,16,1,88.6,NA,NA,NA,NA,NA,bug,0,0,0,1,0,0,0,0,0,0,1,0,0,incorrect,,
Chart,8,NA,0,1,1,23,1,48.8,NA,NA,NA,NA,NA,bug,0,0,0,1,0,0,0,0,0,0,0,0,0,,,
Chart,9,http://sourceforge.net/p/jfreechart/bugs/818/,1,1,1,64,1,75.7,7,NA,2,NA,NA,bug,0,0,0,0,0,1,0,0,0,0,0,0,0,,,
Chart,10,NA,0,1,1,1,1,100,NA,NA,NA,NA,NA,bug,0,1,0,0,0,0,0,0,0,0,0,0,0,,,
Chart,11,http://sourceforge.net/p/jfreechart/bugs/868/,1,1,1,543,1,40.9,5,NA,2,NA,NA,bug,0,1,0,0,0,0,0,0,0,0,0,0,0,,,
Chart,12,NA,0,1,1,201,1,32.1,NA,NA,NA,NA,NA,bug,0,1,0,0,0,0,0,0,0,0,0,0,0,,,
Chart,13,NA,0,1,1,195,1,63.3,NA,NA,NA,NA,NA,bug,0,0,0,1,0,0,0,0,0,0,1,1,1,incorrect,incorrect,incorrect
Chart,14,NA,0,2,12,519,4,73.5,NA,NA,NA,NA,NA,bug,0,0,0,0,0,1,0,0,0,0,0,0,0,,,
Chart,15,NA,0,1,5,199,1,79.7,NA,NA,NA,NA,NA,bug,0,0,0,0,0,1,0,0,0,0,1,1,0,incorrect,incorrect,
Chart,16,http://sourceforge.net/p/jfreechart/bugs/834/,1,1,3,25,8,73.7,6,NA,2,NA,NA,bug,0,1,0,0,0,1,0,0,0,0,0,0,0,,,
Chart,17,http://sourceforge.net/p/jfreechart/bugs/803/,1,1,2,60,1,75.6,7,NA,2,NA,NA,bug,0,1,0,0,0,0,0,0,0,0,0,0,0,,,
Chart,18,NA,0,2,13,327,4,87.1,NA,NA,NA,NA,NA,bug,0,0,0,0,0,1,0,0,0,0,0,0,0,,,
Chart,19,NA,0,1,6,366,2,76.7,NA,NA,NA,NA,NA,bug,0,0,0,0,0,1,0,0,0,0,0,0,0,,,
Chart,20,NA,0,1,1,296,1,86.4,NA,NA,NA,NA,NA,bug,0,0,0,1,0,0,0,0,0,0,0,0,0,,,
Chart,21,NA,0,1,39,17,1,84.3,NA,NA,NA,NA,NA,bug,0,1,0,0,0,1,0,0,1,0,0,0,1,,,incorrect
Chart,22,NA,0,1,127,51,6,80.6,NA,NA,NA,NA,NA,bug,0,1,0,0,0,1,0,1,1,1,0,0,0,,,
Chart,23,NA,0,1,19,5,1,43.8,NA,NA,NA,NA,NA,bug,0,1,0,0,0,0,0,0,0,0,0,0,0,,,
Chart,24,NA,0,1,1,15,1,96,NA,NA,NA,NA,NA,bug,0,0,0,0,0,1,0,0,0,0,0,0,0,,,
Chart,25,NA,0,1,14,9,4,69.4,NA,NA,NA,NA,NA,bug,0,1,0,0,0,1,0,0,0,0,1,1,1,incorrect,incorrect,incorrect
Chart,26,NA,0,1,2,543,22,89.9,NA,NA,NA,NA,NA,bug,0,0,0,0,0,1,0,0,0,0,0,1,1,,incorrect,incorrect
Lang,1,https://issues.apache.org/jira/browse/LANG-747,1,1,11,173,1,98.1,368.4347222,1,3,0,NA,bug,0,1,0,0,0,1,0,0,1,0,0,0,0,,,
Lang,2,https://issues.apache.org/jira/browse/LANG-879,1,1,3,14,1,100,73.01805556,2,3,1,NA,bug,0,0,0,0,0,1,0,0,0,0,0,0,0,,,
Lang,3,https://issues.apache.org/jira/browse/LANG-693,1,1,4,172,1,98.1,767.0638889,2,2,0,NA,bug,0,0,0,0,0,1,0,0,0,0,0,0,0,,,
Lang,4,https://issues.apache.org/jira/browse/LANG-882,1,1,4,137,1,100,25.56805556,2,3,0,NA,bug,0,1,0,0,0,0,0,0,0,0,0,0,0,,,
Lang,5,https://issues.apache.org/jira/browse/LANG-865,1,1,43,13,1,100,0.1951388889,2,3,0,NA,bug,0,0,0,0,0,1,0,0,0,0,0,0,0,,,
Lang,6,https://issues.apache.org/jira/browse/LANG-857,1,1,1,142,1,93.3,0.3409722222,1,2,0,NA,bug,0,0,0,1,0,0,0,0,0,0,0,0,0,,,
Lang,7,https://issues.apache.org/jira/browse/LANG-822,1,1,6,166,1,97.6,59.66388889,2,3,0,NA,bug,0,0,0,0,0,1,0,0,0,0,0,0,0,,,
Lang,8,https://issues.apache.org/jira/browse/LANG-818,1,1,3,155,2,93.1,20.79861111,1,3,0,NA,bug,0,1,0,0,0,0,1,0,0,0,0,0,0,,,
Lang,9,https://issues.apache.org/jira/browse/LANG-832,1,1,3,166,2,93.3,0.0200231482,1,3,0,NA,bug,0,0,0,0,0,1,0,0,0,0,0,0,0,,,
Lang,10,https://issues.apache.org/jira/browse/LANG-831,1,1,9,164,2,92.4,0.010162037,1,3,0,NA,bug,0,0,0,0,0,0,1,1,0,0,0,0,0,,,
Lang,11,https://issues.apache.org/jira/browse/LANG-807,1,1,4,11,1,98.2,0.0209027778,4,2,0,NA,bug,0,0,0,0,0,1,0,0,0,0,0,0,0,,,
Lang,12,https://issues.apache.org/jira/browse/LANG-805,1,1,7,10,2,94.1,0.0138888889,5,5,0,NA,bug,0,0,0,0,0,1,0,0,0,0,0,0,0,,,
Lang,13,https://issues.apache.org/jira/browse/LANG-788,1,1,19,208,1,88.7,18.08541667,2,3,0,NA,bug,0,1,0,0,0,0,0,0,0,0,0,0,0,,,
Lang,14,https://issues.apache.org/jira/browse/LANG-786,1,1,3,834,1,97.6,2.917361111,1,3,0,NA,bug,0,0,0,0,0,1,0,0,0,0,0,0,0,,,
Lang,15,https://issues.apache.org/jira/browse/LANG-775,1,1,4,10,2,67.1,0.0165277778,2,3,1,NA,bug,0,0,0,0,0,1,0,0,1,0,0,0,0,,,
Lang,16,https://issues.apache.org/jira/browse/LANG-746,1,1,1,164,1,95.7,0.0010300926,3,3,0,NA,bug,0,0,0,0,0,1,0,0,0,0,0,0,0,,,
Lang,17,https://issues.apache.org/jira/browse/LANG-720,1,1,9,45,1,93.9,0.2256944444,2,3,0,NA,bug,0,1,0,0,0,1,0,0,0,0,0,0,0,,,
Lang,18,https://issues.apache.org/jira/browse/LANG-719,1,1,3,93,1,80.7,0.0009375,1,3,1,NA,bug,0,1,0,0,0,1,0,0,0,0,0,0,0,,,
Lang,19,https://issues.apache.org/jira/browse/LANG-710,1,1,9,32,2,100,4.467361111,1,2,0,NA,bug,0,0,0,0,0,1,0,0,1,0,0,0,0,,,
Lang,20,https://issues.apache.org/jira/browse/LANG-703,1,1,2,585,2,97.3,26.64027778,1,3,0,NA,bug,0,1,0,0,0,0,0,0,0,0,0,0,0,,,
Lang,21,https://issues.apache.org/jira/browse/LANG-677,1,1,1,116,1,95.8,0.5930555556,2,3,0,NA,bug,0,1,0,0,0,0,0,0,0,0,0,0,0,,,
Lang,22,https://issues.apache.org/jira/browse/LANG-662,1,1,7,25,2,98.9,41.24236111,1,2,1,NA,bug,0,0,0,0,0,1,0,0,0,0,0,0,0,,,
Lang,23,https://issues.apache.org/jira/browse/LANG-636,1,1,31,8,1,82.2,173.5645833,1,3,0,NA,bug,0,1,0,0,0,0,0,0,0,1,0,0,0,,,
Lang,24,https://issues.apache.org/jira/browse/LANG-664,1,1,1,110,1,97.9,25.06041667,1,3,0,NA,bug,0,1,0,0,0,0,0,0,0,0,0,0,0,,,
Lang,25,https://issues.apache.org/jira/browse/LANG-658,1,1,27,32,1,100,0.0972222222,1,3,1,NA,bug,0,1,0,0,0,0,0,0,0,0,0,0,0,,,
Lang,26,https://issues.apache.org/jira/browse/LANG-645,1,1,1,93,1,73.2,18.66527778,2,3,0,NA,bug,0,1,0,0,0,0,0,0,0,0,0,0,0,,,
Lang,27,https://issues.apache.org/jira/browse/LANG-638,1,1,4,110,1,97.9,0.7375,2,3,0,NA,bug,0,0,0,0,0,1,0,0,0,0,0,0,0,,,
Lang,28,https://issues.apache.org/jira/browse/LANG-617,1,1,6,20,1,100,156.5736111,2,2,0,NA,bug,0,0,0,0,0,1,0,0,0,0,0,0,0,,,
Lang,29,https://issues.apache.org/jira/browse/LANG-624,1,1,1,636,1,94.3,249.8069444,2,3,0,NA,bug,0,0,1,0,0,0,0,0,0,0,0,0,0,,,
Lang,30,https://issues.apache.org/jira/browse/LANG-607,1,1,43,582,10,98,NA,NA,NA,NA,NA,bug,0,1,1,0,0,1,0,0,0,0,0,0,0,,,
Lang,31,https://issues.apache.org/jira/browse/LANG-607,1,1,8,571,2,98,NA,NA,NA,NA,NA,bug,0,1,0,0,0,1,0,0,0,0,0,0,0,,,
Lang,32,https://issues.apache.org/jira/browse/LANG-586,1,1,22,45,1,92.3,0.0472222222,1,3,0,NA,bug,0,1,0,0,0,1,0,0,0,1,0,0,0,,,
Lang,33,https://issues.apache.org/jira/browse/LANG-587,1,1,1,255,1,95.5,0.0029050926,2,3,0,NA,bug,0,1,0,0,0,0,0,0,0,0,0,0,0,,,
Lang,34,https://issues.apache.org/jira/browse/LANG-586,1,1,2,344,27,90.1,0.0472222222,1,3,0,NA,bug,0,1,0,0,0,0,0,0,0,0,0,0,0,,,
Lang,35,https://issues.apache.org/jira/browse/LANG-571,1,1,2,795,1,96.6,29.33402778,1,3,1,NA,bug,0,1,0,0,0,0,0,0,0,0,0,0,0,,,
Lang,36,https://issues.apache.org/jira/browse/LANG-521,1,1,9,110,2,98.1,139.4069444,2,2,0,NA,bug,0,0,0,0,0,1,0,0,0,0,0,0,0,,,
Lang,37,https://issues.apache.org/jira/browse/LANG-567,1,1,8,657,1,100,1.490972222,1,3,0,NA,bug,0,1,0,0,0,1,0,0,0,0,0,0,0,,,
Lang,38,https://issues.apache.org/jira/browse/LANG-538,1,1,1,59,1,72.7,61.55347222,2,3,1,NA,bug,0,0,0,0,1,0,0,0,0,0,0,0,0,,,
Lang,39,https://issues.apache.org/jira/browse/LANG-552,1,1,3,523,1,97.8,34.79861111,2,3,0,NA,bug,0,0,0,0,0,1,0,0,0,0,0,0,1,,,incorrect
Lang,40,https://issues.apache.org/jira/browse/LANG-432,1,1,8,516,1,99.1,544.5722222,2,3,0,NA,bug,0,1,0,0,0,0,0,0,1,0,0,0,0,,,
Lang,41,https://issues.apache.org/jira/browse/LANG-535,1,1,21,241,2,95.3,22.48402778,2,2,0,NA,bug,0,1,0,0,0,1,0,0,1,0,0,0,0,,,
Lang,42,https://issues.apache.org/jira/browse/LANG-480,1,1,7,54,1,97.1,40.1375,2,2,0,NA,bug,0,1,0,0,0,1,0,0,0,0,0,0,0,,,
Lang,43,https://issues.apache.org/jira/browse/LANG-477,1,1,1,7,1,77.2,0.5013888889,2,3,1,NA,bug,0,0,0,0,1,0,0,0,0,0,0,0,0,,,
Lang,44,https://issues.apache.org/jira/browse/LANG-457,1,1,3,20,1,97.9,57.85555556,1,3,1,NA,bug,0,0,0,0,0,1,0,0,0,0,0,0,1,,,correct
Lang,45,https://issues.apache.org/jira/browse/LANG-419,1,1,3,82,1,100,45.50833333,2,2,0,NA,bug,0,0,0,0,0,1,0,0,0,0,0,0,0,,,
Lang,46,https://issues.apache.org/jira/browse/LANG-421,1,1,10,87,1,83.3,0.0175578704,2,5,2,NA,bug,0,0,1,1,0,1,0,0,0,0,0,0,1,,,incorrect
Lang,47,https://issues.apache.org/jira/browse/LANG-412,1,1,6,206,2,99.4,0.05625,2,3,1,NA,bug,0,0,0,0,0,1,0,0,0,0,0,0,0,,,
Lang,48,https://issues.apache.org/jira/browse/LANG-393,1,1,4,281,1,82.4,9.717361111,2,2,3,NA,bug,0,0,0,0,0,1,0,0,0,0,0,0,0,,,
Lang,49,https://issues.apache.org/jira/browse/LANG-380,1,1,3,25,1,99.2,0.0067708333,2,3,0,NA,bug,0,0,0,0,0,1,0,0,0,0,0,0,0,,,
Lang,50,https://issues.apache.org/jira/browse/LANG-368,1,1,10,35,2,72,0.5875,1,3,0,NA,bug,0,0,0,0,1,1,0,1,0,0,0,0,0,,,
Lang,51,https://issues.apache.org/jira/browse/LANG-365,1,1,1,190,1,100,0.4229166667,1,3,0,NA,bug,0,1,0,0,0,0,0,0,0,0,0,0,1,,,incorrect
Lang,52,https://issues.apache.org/jira/browse/LANG-363,1,1,4,74,1,82.3,2.955555556,2,2,1,NA,bug,0,0,0,0,0,1,0,0,0,0,0,0,0,,,
Lang,53,https://issues.apache.org/jira/browse/LANG-346,1,1,2,31,1,97.1,33.17916667,3,3,1,NA,bug,0,0,0,0,0,1,0,0,0,0,0,0,1,,,incorrect
Lang,54,https://issues.apache.org/jira/browse/LANG-328,1,1,3,12,1,100,15.02638889,2,3,0,NA,bug,0,0,0,0,0,1,0,0,0,0,0,0,0,,,
Lang,55,https://issues.apache.org/jira/browse/LANG-315,1,1,2,6,1,98.2,0.3729166667,4,3,0,NA,bug,0,0,0,0,0,1,0,0,0,0,0,0,1,,,correct
Lang,56,https://issues.apache.org/jira/browse/LANG-303,1,1,6,33,1,63.4,4.091666667,2,3,0,NA,feature,0,1,0,0,0,0,0,0,0,1,0,0,0,,,
Lang,57,https://issues.apache.org/jira/browse/LANG-304,1,1,1,11,11,7.9,0.0020023148,2,3,0,NA,bug,0,1,0,0,0,0,0,0,0,0,0,0,0,,,
Lang,58,https://issues.apache.org/jira/browse/LANG-300,1,1,2,256,1,98.6,0.16875,2,3,1,NA,bug,0,0,0,0,0,1,0,0,0,0,0,0,1,,,correct
Lang,59,https://issues.apache.org/jira/browse/LANG-299,1,1,1,186,1,99.5,1.442361111,2,3,0,NA,bug,0,0,0,1,0,0,0,0,0,0,0,0,0,,,
Lang,60,https://issues.apache.org/jira/browse/LANG-295,1,1,2,185,1,99.5,0.03125,1,3,1,NA,bug,0,0,0,0,0,0,0,0,1,0,0,0,0,,,
Lang,61,https://issues.apache.org/jira/browse/LANG-294,1,1,1,184,2,99.5,0.4638888889,2,3,0,NA,bug,0,1,0,0,0,0,0,0,0,0,0,0,0,,,
Lang,62,https://issues.apache.org/jira/browse/LANG-292,1,1,8,47,1,99.2,0.8256944444,1,2,0,NA,bug,0,1,0,0,0,1,0,0,0,0,0,0,0,,,
Lang,63,https://issues.apache.org/jira/browse/LANG-281,1,1,20,16,1,93.8,1.313194444,3,3,0,NA,bug,0,1,0,0,1,0,1,1,0,1,0,0,0,,,
Lang,64,https://issues.apache.org/jira/browse/LANG-259,1,1,21,75,1,100,88.04930556,2,3,1,NA,bug,0,0,0,0,0,1,0,0,0,1,0,0,0,,,
Lang,65,https://issues.apache.org/jira/browse/LANG-59,1,1,30,30,1,96.8,267.9118056,2,3,1,NA,bug,0,1,0,0,0,1,0,0,0,0,0,0,0,,,
Math,1,https://issues.apache.org/jira/browse/MATH-996,1,2,6,313,2,95.8,68.09861111,2,2,0,NA,bug,0,0,0,0,0,1,0,0,0,0,0,0,0,,,
Math,2,https://issues.apache.org/jira/browse/MATH-1021,1,1,1,16,1,97,19.89930556,1,3,0,NA,bug,0,1,0,0,0,0,0,0,0,0,1,1,0,incorrect,incorrect,
Math,3,https://issues.apache.org/jira/browse/MATH-1005,1,1,3,2197,1,85.7,0.0777777778,2,3,0,NA,bug,0,0,0,0,0,1,0,0,0,0,0,0,0,,,
Math,4,https://issues.apache.org/jira/browse/MATH-988,1,2,6,52,2,100,0.7569444444,4,3,0,NA,bug,0,0,0,0,0,1,0,0,0,0,0,0,0,,,
Math,5,https://issues.apache.org/jira/browse/MATH-934,1,1,1,257,1,95.6,0.0013888889,2,2,0,NA,bug,0,1,0,0,0,0,0,0,0,0,1,0,0,correct,,
Math,6,https://issues.apache.org/jira/browse/MATH-949,1,7,17,230,28,93.1,4.726388889,2,3,0,NA,bug,0,0,0,1,1,1,1,0,0,0,0,0,0,,,
Math,7,https://issues.apache.org/jira/browse/MATH-950,1,1,11,169,1,96.9,0.0407638889,2,4,0,NA,bug,0,0,0,0,1,0,0,0,1,0,0,0,0,,,
Math,8,https://issues.apache.org/jira/browse/MATH-942,1,1,2,22,1,86.8,0.8729166667,1,3,0,NA,bug,0,0,1,0,1,0,0,0,0,0,1,1,0,incorrect,incorrect,
Math,9,https://issues.apache.org/jira/browse/MATH-938,1,1,2,35,1,82.6,0.0208333333,2,3,0,NA,bug,0,0,0,1,1,0,0,0,0,0,0,0,0,,,
Math,10,https://issues.apache.org/jira/browse/MATH-935,1,1,1,369,1,100,0.0117708333,2,2,0,NA,bug,0,0,0,0,1,0,0,0,0,0,0,0,0,,,
Math,11,https://issues.apache.org/jira/browse/MATH-929,1,1,1,10,1,82.5,0.024224537,2,4,0,NA,bug,0,0,0,1,0,0,0,0,0,0,0,0,0,,,
Math,12,https://issues.apache.org/jira/browse/MATH-927,1,1,4,707,3,39.6,9.267361111,2,4,0,NA,bug,0,0,1,0,0,0,0,0,0,0,0,0,0,,,
Math,13,https://issues.apache.org/jira/browse/MATH-924,1,1,9,89,1,75.6,17.69583333,1,4,0,NA,feature,0,0,0,0,0,1,0,0,0,0,0,0,0,,,
Math,14,https://issues.apache.org/jira/browse/MATH-924,1,2,13,92,1,89.8,17.69583333,1,4,0,NA,feature,0,0,0,0,1,1,0,0,1,0,0,0,0,,,
Math,15,https://issues.apache.org/jira/browse/MATH-904,1,1,2,3042,1,97.8,6.091666667,2,3,1,NA,bug,0,1,0,0,0,1,0,0,0,0,0,0,0,,,
Math,16,https://issues.apache.org/jira/browse/MATH-905,1,1,21,3040,2,97.8,5.688194444,2,3,1,NA,bug,0,0,0,0,1,1,0,0,0,0,0,0,0,,,
Math,17,https://issues.apache.org/jira/browse/MATH-778,1,1,4,88,1,90.8,194.4284722,2,3,0,NA,bug,0,0,0,0,0,1,0,0,0,0,0,0,0,,,
Math,18,https://issues.apache.org/jira/browse/MATH-867,1,1,6,26,1,89.9,9.719444444,1,3,0,NA,bug,0,1,0,0,0,1,0,0,0,0,0,0,0,,,
Math,19,https://issues.apache.org/jira/browse/MATH-865,1,1,13,25,1,89.7,2.5375,2,3,0,NA,bug,0,0,0,0,0,1,0,0,1,0,0,0,0,,,
Math,20,https://issues.apache.org/jira/browse/MATH-864,1,1,2,24,1,89.7,2.60625,2,3,0,NA,bug,0,1,0,0,0,0,0,0,0,0,0,0,0,,,
Math,21,https://issues.apache.org/jira/browse/MATH-789,1,1,14,24,2,96.2,127.1881944,2,3,0,NA,bug,0,1,0,0,0,1,0,0,0,0,0,0,0,,,
Math,22,https://issues.apache.org/jira/browse/MATH-859,1,2,2,98,2,97.6,899.1625,2,3,0,NA,bug,0,1,0,0,0,0,0,0,0,0,0,0,0,,,
Math,23,https://issues.apache.org/jira/browse/MATH-855,1,1,9,17,1,94.7,2.604166667,2,3,0,NA,bug,0,0,0,1,0,0,0,0,0,0,0,0,0,,,
Math,24,https://issues.apache.org/jira/browse/MATH-855,1,1,2,16,1,90.4,2.604166667,2,3,0,NA,bug,0,0,0,1,0,0,0,0,0,0,0,0,0,,,
Math,25,https://issues.apache.org/jira/browse/MATH-844,1,1,3,7,1,98.9,3.9875,2,3,0,NA,bug,0,0,0,0,0,1,0,0,0,0,0,0,0,,,
Math,26,https://issues.apache.org/jira/browse/MATH-836,1,1,2,213,1,97.6,3.974305556,2,3,0,NA,bug,0,0,0,0,0,1,0,0,0,0,0,0,0,,,
Math,27,https://issues.apache.org/jira/browse/MATH-835,1,1,1,213,1,97.6,1.077083333,2,3,0,NA,bug,0,1,0,0,0,0,0,0,0,0,0,0,0,,,
Math,28,https://issues.apache.org/jira/browse/MATH-828,1,1,4,26,1,100,16.22569444,2,3,1,NA,bug,0,0,0,0,0,1,0,0,0,0,1,1,0,incorrect,incorrect,
Math,29,https://issues.apache.org/jira/browse/MATH-803,1,1,16,78,3,94.4,620.8798611,2,3,0,NA,bug,0,0,0,0,0,1,0,0,1,0,0,0,0,,,
Math,30,https://issues.apache.org/jira/browse/MATH-790,1,1,1,3,1,91.2,0.0416666667,2,2,0,NA,bug,0,1,0,0,0,0,0,0,0,0,0,0,0,,,
Math,31,https://issues.apache.org/jira/browse/MATH-718,1,1,61,317,2,85.7,169.8016319,3,3,1,NA,bug,0,1,0,0,0,1,1,1,1,0,0,0,0,,,
Math,32,https://issues.apache.org/jira/browse/MATH-780,1,1,1,23,1,72.8,23.03125,2,3,0,NA,bug,0,0,0,0,0,1,0,0,0,0,0,1,1,,incorrect,incorrect
Math,33,https://issues.apache.org/jira/browse/MATH-781,1,1,1,28,1,96.3,11.47013889,2,3,1,NA,bug,0,0,0,0,0,1,0,0,0,0,0,0,1,,,incorrect
Math,34,https://issues.apache.org/jira/browse/MATH-779,1,1,1,24,1,82.6,1.128472222,2,3,0,NA,bug,0,1,0,0,0,0,0,0,0,0,0,0,0,,,
Math,35,https://issues.apache.org/jira/browse/MATH-776,1,1,2,12,4,100,0.0416666667,2,3,0,NA,bug,0,1,0,0,1,0,0,0,0,0,0,0,0,,,
Math,36,https://issues.apache.org/jira/browse/MATH-744,1,1,12,94,2,94.6,1.888888889,2,3,0,NA,bug,0,1,0,0,0,1,0,0,0,0,0,0,0,,,
Math,37,https://issues.apache.org/jira/browse/MATH-722,1,1,14,264,4,94.4,0.0104166667,2,3,0,NA,bug,0,0,0,0,0,1,0,0,0,0,0,0,0,,,
Math,38,https://issues.apache.org/jira/browse/MATH-728,1,1,4,19,1,87.7,53.88194444,2,3,0,NA,bug,0,1,0,0,0,0,0,0,0,0,0,0,0,,,
Math,39,https://issues.apache.org/jira/browse/MATH-727,1,1,9,69,1,100,0.0137731482,5,3,0,NA,bug,0,0,0,0,0,1,0,0,0,0,0,0,0,,,
Math,40,https://issues.apache.org/jira/browse/MATH-716,1,1,8,90,1,99.2,0.5756944444,2,3,0,NA,bug,0,1,0,0,0,0,0,0,0,0,1,1,1,incorrect,incorrect,incorrect
Math,41,https://issues.apache.org/jira/browse/MATH-704,1,1,1,236,1,91.1,21.30347222,2,3,0,NA,bug,0,1,0,0,0,0,0,0,0,0,0,0,0,,,
Math,42,https://issues.apache.org/jira/browse/MATH-713,1,1,3,27,1,96.3,0.125,2,3,0,NA,bug,0,0,0,0,0,1,0,0,0,0,0,0,1,,,incorrect
Math,43,https://issues.apache.org/jira/browse/MATH-691,1,1,3,78,6,79,0.2083333333,2,2,0,NA,bug,0,0,0,0,0,1,0,0,0,0,0,0,0,,,
Math,44,https://issues.apache.org/jira/browse/MATH-695,1,1,7,164,1,96.5,0.6784722222,2,3,0,NA,bug,0,0,0,0,0,0,1,0,1,0,0,0,0,,,
Math,45,https://issues.apache.org/jira/browse/MATH-679,1,1,5,461,1,81.2,7.597222222,2,2,0,NA,bug,0,1,0,0,0,1,0,0,0,0,0,0,0,,,
Math,46,https://issues.apache.org/jira/browse/MATH-657,1,1,2,199,2,93.9,29.94166667,1,2,0,NA,bug,0,1,0,0,0,0,0,0,0,0,0,0,0,,,
Math,47,https://issues.apache.org/jira/browse/MATH-657,1,1,5,199,2,93.8,29.94166667,1,2,0,NA,bug,0,1,0,0,0,1,0,0,0,0,0,0,0,,,
Math,48,https://issues.apache.org/jira/browse/MATH-631,1,1,3,36,1,95.9,46.51736111,1,3,1,NA,bug,0,0,0,0,0,1,0,0,0,0,0,0,0,,,
Math,49,https://issues.apache.org/jira/browse/MATH-645,1,1,4,35,1,84.9,20.19097222,2,3,0,NA,bug,0,1,0,0,0,0,0,0,0,0,1,1,1,incorrect,incorrect,incorrect
Math,50,https://issues.apache.org/jira/browse/MATH-631,1,1,4,36,1,96,46.51736111,1,3,1,NA,bug,0,0,0,0,0,1,0,0,0,0,1,1,1,correct,correct,correct
Math,51,https://issues.apache.org/jira/browse/MATH-631,1,1,9,36,1,97.2,46.51736111,1,3,1,NA,bug,0,0,0,0,0,1,0,0,0,0,0,0,0,,,
Math,52,https://issues.apache.org/jira/browse/MATH-639,1,1,4,28,1,100,4.036805556,2,3,0,NA,bug,0,0,0,0,0,1,0,0,0,0,0,0,0,,,
Math,53,https://issues.apache.org/jira/browse/MATH-618,1,1,3,179,1,96.1,0.40625,5,3,0,NA,bug,0,0,0,0,0,1,0,0,0,0,1,0,0,correct,,
Math,54,https://issues.apache.org/jira/browse/MATH-567,1,1,7,64,1,90.2,0.0798611111,2,2,0,NA,bug,0,1,0,0,0,1,0,0,0,0,0,0,0,,,
Math,55,https://issues.apache.org/jira/browse/MATH-554,1,1,18,88,1,93,0.0134027778,2,3,0,NA,bug,0,1,0,1,0,1,0,0,0,0,0,0,0,,,
Math,56,https://issues.apache.org/jira/browse/MATH-552,1,1,7,5,1,86.7,0.4830439815,2,2,0,NA,bug,0,0,0,0,0,0,1,0,1,0,0,0,0,,,
Math,57,https://issues.apache.org/jira/browse/MATH-546,1,1,1,4,1,96.7,4.336805556,2,2,0,NA,bug,0,1,0,0,0,0,0,0,0,0,0,0,1,,,incorrect
Math,58,https://issues.apache.org/jira/browse/MATH-519,1,1,1,8,1,65.2,3.801388889,2,3,0,NA,bug,0,0,0,1,0,0,0,0,0,0,0,0,1,,,incorrect
Math,59,https://issues.apache.org/jira/browse/MATH-482,1,1,1,1727,1,87,0.0063541667,4,3,0,NA,bug,0,0,0,1,0,0,0,0,0,0,0,0,0,,,
Math,60,https://issues.apache.org/jira/browse/MATH-414,1,1,10,26,1,82.6,91.03819444,2,2,0,NA,bug,0,1,0,0,0,1,0,1,0,0,0,0,0,,,
Math,61,https://issues.apache.org/jira/browse/MATH-349,1,1,2,12,1,87.5,205.2471644,1,2,0,NA,bug,0,0,1,0,0,0,0,0,0,0,0,0,0,,,
Math,62,https://issues.apache.org/jira/browse/MATH-413,1,1,4,2,1,66.7,531.89375,1,3,3,NA,bug,0,1,0,1,1,0,1,0,0,0,0,0,0,,,
Math,63,https://issues.apache.org/jira/browse/MATH-370,1,1,1,907,1,91.2,117.09375,1,2,0,NA,bug,0,0,0,1,0,0,0,0,0,0,0,0,0,,,
Math,64,https://issues.apache.org/jira/browse/MATH-405,1,1,28,57,2,98.2,0.0154513889,1,3,0,NA,bug,0,1,0,1,1,1,0,0,0,0,0,0,0,,,
Math,65,https://issues.apache.org/jira/browse/MATH-377,1,2,8,77,1,94.5,38.44652778,2,3,0,NA,bug,0,1,0,0,0,0,1,0,1,0,0,0,0,,,
Math,66,https://issues.apache.org/jira/browse/MATH-395,1,1,33,10,4,97,2.613888889,2,3,0,NA,bug,0,1,0,1,1,0,1,1,1,1,0,0,0,,,
Math,67,https://issues.apache.org/jira/browse/MATH-393,1,1,2,2,1,73.3,0.5118055556,1,1,0,NA,bug,0,1,0,0,0,0,0,0,0,0,0,0,0,,,
Math,68,https://issues.apache.org/jira/browse/MATH-362,1,1,12,44,2,98.2,53.27638889,3,3,0,NA,bug,0,1,0,0,1,1,0,0,0,0,0,0,0,,,
Math,69,https://issues.apache.org/jira/browse/MATH-371,1,1,1,17,2,98.6,3.166666667,2,3,0,NA,bug,0,1,0,0,0,0,0,0,0,0,0,0,1,,,incorrect
Math,70,https://issues.apache.org/jira/browse/MATH-369,1,1,1,16,1,91.3,0.1215277778,1,2,0,NA,bug,0,0,0,1,0,0,0,0,0,0,1,0,0,correct,,
Math,71,https://issues.apache.org/jira/browse/MATH-358,1,4,15,116,2,100,0.1993055556,2,4,0,NA,bug,0,1,0,0,1,0,0,0,0,0,1,0,1,incorrect,,incorrect
Math,72,https://issues.apache.org/jira/browse/MATH-344,1,1,2,214,1,93.1,0.0323842593,1,4,0,NA,bug,0,0,0,1,0,0,0,0,0,0,0,0,0,,,
Math,73,https://issues.apache.org/jira/browse/MATH-343,1,1,4,214,1,92,0.0288194444,2,4,0,NA,bug,0,0,0,0,0,1,0,0,0,0,1,0,1,correct,,incorrect
Math,74,https://issues.apache.org/jira/browse/MATH-338,1,1,7,56,1,99.2,0.1791666667,2,3,0,NA,bug,0,1,0,0,0,0,0,0,1,0,0,0,0,,,
Math,75,https://issues.apache.org/jira/browse/MATH-329,1,1,1,8,1,87,0.0069444444,2,2,0,NA,bug,0,0,0,0,1,0,0,0,0,0,0,0,0,,,
Math,76,https://issues.apache.org/jira/browse/MATH-320,1,1,14,17,2,96,51.09166667,2,3,0,NA,bug,0,1,0,1,0,0,0,0,0,0,0,0,0,,,
Math,77,https://issues.apache.org/jira/browse/MATH-326,1,2,10,346,2,59.8,0.5118055556,2,3,0,NA,bug,0,1,0,0,0,0,0,0,0,1,0,0,0,,,
Math,78,https://issues.apache.org/jira/browse/MATH-322,1,1,11,118,1,84.1,0.0031134259,2,3,0,NA,bug,0,1,0,0,0,1,0,0,1,0,1,1,1,incorrect,incorrect,incorrect
Math,79,https://issues.apache.org/jira/browse/MATH-305,1,1,2,866,1,99.5,0.1666666667,2,3,0,NA,bug,0,1,0,0,0,0,0,0,0,0,0,0,0,,,
Math,80,https://issues.apache.org/jira/browse/MATH-318,1,1,1,36,1,93,0.0022106481,2,3,0,NA,bug,0,1,0,0,0,0,0,0,0,0,1,1,1,incorrect,incorrect,incorrect
Math,81,https://issues.apache.org/jira/browse/MATH-308,1,1,4,35,1,89.3,8.995138889,2,3,0,NA,bug,0,0,0,0,0,1,0,0,0,0,1,1,1,incorrect,incorrect,incorrect
Math,82,https://issues.apache.org/jira/browse/MATH-288,1,1,1,14,1,96.7,0.3333333333,2,3,0,NA,bug,0,0,0,0,0,1,0,0,0,0,1,1,1,incorrect,incorrect,incorrect
Math,83,https://issues.apache.org/jira/browse/MATH-286,1,1,3,17,1,91.9,14.08541667,2,3,0,NA,bug,0,0,0,1,1,0,0,0,0,0,0,0,0,,,
Math,84,https://issues.apache.org/jira/browse/MATH-283,1,1,9,5,2,100,1,2,5,0,NA,bug,0,0,0,0,0,0,1,1,1,0,1,1,0,incorrect,incorrect,
Math,85,https://issues.apache.org/jira/browse/MATH-280,1,1,1,92,1,93.9,0.4958333333,2,3,0,NA,bug,0,0,0,0,0,1,0,0,0,0,1,1,1,incorrect,incorrect,incorrect
Math,86,https://issues.apache.org/jira/browse/MATH-274,1,1,6,12,2,97.3,0.0327893519,2,2,0,NA,bug,0,0,0,0,0,1,0,1,0,0,0,0,0,,,
Math,87,https://issues.apache.org/jira/browse/MATH-273,1,1,4,16,1,92.4,0.1631944444,2,3,0,NA,bug,0,0,0,0,0,1,0,0,0,0,0,0,1,,,incorrect
Math,88,https://issues.apache.org/jira/browse/MATH-272,1,1,6,15,1,92.4,3.775694444,2,3,0,NA,bug,0,1,0,0,0,1,0,1,1,0,0,0,1,,,incorrect
Math,89,https://issues.apache.org/jira/browse/MATH-259,1,1,4,7,1,99.1,19.19097222,0,3,1,NA,bug,0,0,0,0,0,1,0,0,0,0,0,0,0,,,
Math,90,https://issues.apache.org/jira/browse/MATH-259,1,1,3,7,1,99.1,19.19097222,0,3,1,NA,bug,0,0,0,0,1,0,0,0,0,1,0,0,0,,,
Math,91,https://issues.apache.org/jira/browse/MATH-252,1,1,2,62,1,96.6,0.0013657407,2,3,0,NA,bug,0,1,0,0,0,0,0,0,0,0,0,0,0,,,
Math,92,https://issues.apache.org/jira/browse/MATH-241,1,1,49,547,1,93,3.013194444,2,3,0,NA,bug,0,0,0,0,0,1,1,1,0,0,0,0,0,,,
Math,93,https://issues.apache.org/jira/browse/MATH-240,1,1,10,546,1,92.8,2.875,2,2,0,NA,bug,0,0,0,0,0,1,1,1,0,0,0,0,0,,,
Math,94,https://issues.apache.org/jira/browse/MATH-238,1,1,1,546,1,92.8,0.0297685185,1,2,0,NA,bug,0,0,0,0,0,1,0,0,0,0,0,0,0,,,
Math,95,https://issues.apache.org/jira/browse/MATH-227,1,1,3,23,1,100,0.7833333333,1,2,0,NA,bug,0,0,0,0,0,0,0,1,0,0,1,1,0,incorrect,incorrect,
Math,96,https://issues.apache.org/jira/browse/MATH-221,1,1,1,171,1,97.7,0.0972222222,1,2,0,NA,bug,0,1,0,0,0,0,0,0,0,0,0,0,0,,,
Math,97,https://issues.apache.org/jira/browse/MATH-204,1,1,16,129,1,93,0.7104166667,2,2,0,NA,bug,0,0,0,0,0,1,0,0,0,0,0,0,1,,,incorrect
Math,98,https://issues.apache.org/jira/browse/MATH-209,1,2,2,133,2,86,0.0013888889,1,3,0,NA,bug,0,1,0,0,0,0,0,0,0,0,0,0,0,,,
Math,99,https://issues.apache.org/jira/browse/MATH-243,1,1,8,560,2,98.9,30.69375,0,2,0,NA,bug,0,0,0,0,0,1,0,0,0,0,0,0,0,,,
Math,100,https://issues.apache.org/jira/browse/MATH-200,1,1,3,48,1,100,2.908333333,1,4,0,NA,bug,0,1,0,0,0,0,0,0,0,0,0,0,0,,,
Math,101,https://issues.apache.org/jira/browse/MATH-198,1,1,2,70,2,85.7,4.553472222,1,3,0,NA,bug,0,0,0,0,0,1,0,0,0,0,0,0,0,,,
Math,102,https://issues.apache.org/jira/browse/MATH-175,1,1,17,30,6,91.7,36.11458333,1,3,0,NA,bug,0,1,0,0,0,1,0,0,1,0,0,0,0,,,
Math,103,https://issues.apache.org/jira/browse/MATH-167,1,1,10,20,1,97.2,143.4361111,1,2,0,NA,bug,0,0,0,0,0,1,0,0,0,0,0,0,0,,,
Math,104,https://issues.apache.org/jira/browse/MATH-166,1,2,2,133,1,93.5,16.53402778,2,2,0,NA,feature,0,0,0,0,0,1,0,0,0,0,0,0,1,,,incorrect
Math,105,https://issues.apache.org/jira/browse/MATH-85,1,1,1,9,1,100,69.50694444,1,3,0,NA,bug,0,1,0,0,0,0,0,0,0,0,0,0,1,,,incorrect
Math,106,https://issues.apache.org/jira/browse/MATH-60,1,1,8,16,1,84.2,22.24722222,1,3,0,NA,bug,0,0,0,0,0,1,0,0,0,0,0,0,0,,,
Time,1,https://github.com/JodaOrg/joda-time/issues/93,1,2,13,4011,1,92.9,3,NA,NA,NA,NA,bug,0,0,0,0,0,1,0,1,0,0,0,0,0,,,
Time,2,https://github.com/JodaOrg/joda-time/issues/93,1,2,7,4011,1,92.8,3,NA,NA,NA,NA,bug,0,0,0,0,0,1,0,0,0,0,0,0,0,,,
Time,3,https://github.com/JodaOrg/joda-time/issues/77,1,1,20,1307,5,99.2,43,NA,NA,NA,NA,bug,0,0,0,0,0,1,0,0,0,0,0,0,0,,,
Time,4,https://github.com/JodaOrg/joda-time/issues/88,1,1,1,770,1,100,2,NA,NA,NA,NA,bug,0,0,0,1,0,0,0,0,0,0,1,1,0,incorrect,incorrect,
Time,5,https://github.com/JodaOrg/joda-time/issues/79,1,1,12,1950,3,100,15,NA,NA,NA,NA,bug,0,0,0,0,0,1,0,1,0,0,0,0,0,,,
Time,6,https://github.com/JodaOrg/joda-time/issues/28,1,1,26,2663,5,81.5,95,NA,NA,NA,NA,bug,0,1,0,0,0,1,0,0,0,0,0,0,0,,,
Time,7,https://github.com/JodaOrg/joda-time/issues/21,1,1,1,2703,2,95.2,78,NA,NA,NA,NA,bug,0,1,0,0,0,0,0,0,0,0,0,0,0,,,
Time,8,https://github.com/JodaOrg/joda-time/issues/42,1,1,5,3950,1,93.2,2,NA,NA,NA,NA,bug,0,1,0,0,0,1,0,0,0,0,0,0,0,,,
Time,9,https://github.com/JodaOrg/joda-time/issues/43,1,1,9,3950,1,94,3,NA,NA,NA,NA,bug,0,1,0,0,0,1,0,0,0,0,0,0,0,,,
Time,10,https://github.com/JodaOrg/joda-time/issues/22,1,1,2,371,2,97.1,40,NA,NA,NA,NA,bug,0,1,0,0,0,1,0,0,0,0,0,0,0,,,
Time,11,https://github.com/JodaOrg/joda-time/issues/18,1,1,5,8,1,81.3,1,NA,NA,NA,NA,bug,0,0,0,0,0,0,0,0,0,1,1,1,1,incorrect,incorrect,incorrect
Time,12,https://github.com/JodaOrg/joda-time/issues/8,1,2,14,1674,8,93.2,7,NA,NA,NA,NA,bug,0,0,0,1,0,1,0,0,0,0,0,0,0,,,
Time,13,https://sourceforge.net/p/joda-time/bugs/160/,1,1,5,972,1,87,713,NA,4,NA,NA,bug,0,1,0,0,0,1,0,0,0,0,0,0,0,,,
Time,14,https://sourceforge.net/p/joda-time/bugs/151/,1,1,5,3877,8,74.5,973,NA,2,NA,NA,bug,0,0,0,0,0,1,0,0,0,0,0,0,0,,,
Time,15,https://sourceforge.net/p/joda-time/bugs/147/,1,1,3,3640,1,88.4,169,NA,2,NA,NA,bug,0,0,0,0,0,1,0,0,0,0,0,0,0,,,
Time,16,https://sourceforge.net/p/joda-time/bugs/148/,1,1,1,2596,7,95.2,164,NA,2,NA,NA,bug,0,0,0,1,0,0,0,0,0,0,0,0,0,,,
Time,17,https://sourceforge.net/p/joda-time/bugs/141/,1,1,18,3865,1,93.5,263,NA,2,NA,NA,bug,0,1,0,0,0,0,0,0,0,0,0,0,0,,,
Time,18,https://sourceforge.net/p/joda-time/bugs/130/,1,1,12,2546,1,81.6,313,NA,4,NA,NA,bug,0,1,0,0,0,1,0,0,0,0,0,0,0,,,
Time,19,https://sourceforge.net/p/joda-time/bugs/124/,1,1,1,3853,1,93.5,943,NA,2,NA,NA,bug,0,0,0,0,0,1,0,0,0,0,0,0,0,,,
Time,20,https://sourceforge.net/p/joda-time/bugs/126/,1,1,8,2577,1,77.3,1164,NA,2,NA,NA,bug,0,1,0,0,0,1,0,0,0,0,0,0,0,,,
Time,21,https://sourceforge.net/p/joda-time/bugs/122/,1,1,16,3848,2,100,383,NA,2,NA,NA,bug,0,1,0,1,0,1,0,0,1,0,0,0,0,,,
Time,22,https://sourceforge.net/p/joda-time/bugs/113/,1,3,10,1875,2,100,558,NA,2,NA,NA,bug,0,1,0,0,1,0,0,0,0,0,0,0,0,,,
Time,23,https://sourceforge.net/p/joda-time/bugs/112/,1,1,13,3810,1,93.5,573,NA,2,NA,NA,bug,0,1,0,0,0,0,0,0,0,0,0,0,0,,,
Time,24,https://sourceforge.net/p/joda-time/bugs/107/,1,1,5,1038,7,88.7,1115,NA,2,NA,NA,bug,0,0,0,0,0,1,0,0,0,0,0,0,0,,,
Time,25,https://sourceforge.net/p/joda-time/bugs/90/,1,1,9,3792,3,93.5,87,NA,2,NA,NA,bug,0,0,0,0,0,1,0,0,0,0,0,0,0,,,
Time,26,"https://sourceforge.net/p/joda-time/bugs/60/ (oldest out of bugs 3102760,2182444,2553453)",1,2,8,3781,8,84.2,1450,NA,2,NA,NA,bug,0,0,0,1,0,0,0,0,0,0,0,0,0,,,
Time,27,https://sourceforge.net/p/joda-time/bugs/64/,1,1,2,739,1,87.1,423,NA,1,NA,NA,bug,0,0,0,0,0,1,0,0,0,0,0,0,0,,,
,,,,,,,,,,,,,,,,,,,,,,,,,27,22,35,,,
